id,direccion,latitud,longitud
1,Carrera 43 entre calles 70 y 71,6.215000,-75.573333
2,Calle 73 #51-86,6.234444,-75.563333
3,Carrera 57 entre calles 44 y 45,6.216667,-75.568333
4,Carrera 52 entre calles 70 y 78,6.240833,-75.561667
5,Carrera 45 entre calles 67 y 78,6.245000,-75.555000
6,Calle 51 #59-42, 6.221667,-75.565000
7,Calle 51 entre carreras 50 y 51,6.220000,-75.563333
8,Calle 51 #49-10,6.221667,-75.561667
9,Vereda El Tambo,6.250000,-75.528333
10,Calle 80 #65-20,6.281667,-75.543333
11,calle,51.3351737,8.2145637
12,universidad de antioquia,6.26822125,-75.56872899189896
13,"Calle 12 # 6-54 Cartagena, Colombia",10.5378301,-75.3948984
14,"Carrera 7 # 32-35, Bogot�, Colombia",4.6757706,-74.0409691
15,"Carrera 4 # 22-33 Barranquilla, Colombia",10.9383236,-74.8025677
16,universidad nacional de medellin,6.26297285,-75.57720175218195
17,los molinos medellin,6.23360675,-75.60370162429624
18,universidad de medellin,6.231431049999999,-75.61146562911259
19,"calle 31 #83-39 medellin, colombia",6.2325745,-75.6070731
20,hospital pablo tobon uribe,6.2773635500000005,-75.57998338836316
21,centro comercial arkadia medellin,6.2123737000000006,-75.59471623743764
22,universidad de antioquia,6.26822125,-75.56872899189896
23,1600 Amphitheatre Parkway,37.4220,-122.0841
24,1234 Elm Street,39.7817,-89.6501
25,10 Downing Street,51.5034,-0.1276
26,221B Baker Street,51.5237,-0.1586
27,1 Infinite Loop,37.3318,-122.0312
28,500 Fifth Avenue,40.7532,-73.9822
29,350 Fifth Avenue,40.7484,-73.9857
30,5th Avenue,40.7756,-73.9656
31,1600 Pennsylvania Avenue NW,38.8977,-77.0365
32,1st Main Road,12.9716,77.5946
33,10 Avenue des Champs-Élysées,48.8655,2.3210
34,4-2-8 Shibuya,35.6595,139.7004
35,1 Chome-1-2 Oshiage,35.7101,139.8107
36,100 Queen Street,45.4215,-75.6972
37,12 Market Street,-33.8708,151.2073
38,100 Main Street,43.6510,-79.3470
39,10 Rue de Rivoli,48.8566,2.3522
40,200 George Street,-33.8641,151.2086
41,1 Market Street,-27.4678,153.0281
42,100 Collins Street,-37.8136,144.9631
43,20 South Street,-26.2041,28.0473
44,500 Oxford Street,51.5145,-0.1497
45,100 King Street,53.4808,-2.2426
46,30 North Street,55.8642,-4.2518
47,50 Victoria Street,-41.2865,174.7762
48,100 George Street,-36.8485,174.7633
49,123 Queen Street,-36.8485,174.7633
50,200 Bridge Street,53.3498,-6.2603
51,50 High Street,54.5973,-5.9301
52,10 O'Connell Street,53.3498,-6.2603
53,5 East Street,-33.9249,18.4241
54,10 Church Street,-25.7479,28.2293
55,100 Churchgate Street,19.0760,72.8777
56,10 Commercial Street,22.5726,88.3639
57,5 Dalal Street,19.0760,72.8777
58,123 Wall Street,40.7074,-74.0113
59,500 Bay Street,43.6532,-79.3832
60,10 Queen Street,45.4215,-75.6972
61,100 Elizabeth Street,-33.8688,151.2093
62,1 Bourke Street,-37.8136,144.9631
63,5 Flinders Street,-34.9285,138.6007
64,10 Main Street,-41.2865,174.7762
65,123 King Street,-31.9505,115.8605
66,1 Collins Street,-37.8136,144.9631
67,200 Pitt Street,-33.8699,151.2094
68,10 George Street,-27.4698,153.0251
69,100 Princes Street,55.9533,-3.1883
70,1 High Street,55.8642,-4.2518
71,5 Princes Street,55.9533,-3.1883
72,123 Queen Street,-27.4698,153.025173,"65 Flinders Street, Adelaide, SA, Australia",-34.9218194,138.6228264
73,Universidad de Antioquia,6.26822125,-75.56872899189896
74,universidad de antioquia,6.26822125,-75.56872899189896
75,universidad de antioquia,6.26822125,-75.56872899189896
76,universidad de antioquia,6.26822125,-75.56872899189896
77,universidad de antioquia,6.26822125,-75.56872899189896
